<?xml version="1.0" encoding="UTF-8"?>
<!DOCTYPE mapper PUBLIC "-//mybatis.org//DTD Mapper 3.4//EN"
        "http://mybatis.org/dtd/mybatis-3-mapper.dtd">

<mapper namespace="com.zch.oa.dao.ClaimVoucherItemDao">
    <resultMap id="claim_voucher_item" type="ClaimVoucherItem">
        <id property="id" column="id" javaType="Integer"/>
        <result property="claimVoucherId" column="claim_voucher_id" javaType="Integer"/>
        <result property="item" column="item" javaType="String" />
        <result property="amount" column="amount" javaType="Double"/>
        <result property="comment" column="comment" javaType="String" />
    </resultMap>

    <insert id="insert" parameterType="ClaimVoucherItem">
        insert into claim_voucher_item(claim_voucher_id,item,amount,comment)
        value (#{claimVoucherId},#{item},#{amount},#{comment})
    </insert>
    <update id="update" parameterType="ClaimVoucherItem">
        update claim_voucher_item set claim_voucher_id=#{claimVoucherId},item=#{item},amount=#{amount},comment=#{comment} where id=#{id}
    </update>
    <delete id="delete" parameterType="Integer">
        delete from claim_voucher_item where id=#{id}
    </delete>
    <select id="selectByClaimVoucher" parameterType="Integer" resultMap="claim_voucher_item">
        select * from claim_voucher_item where claim_voucher_id=#{cvid} order by id
    </select>
</mapper>