<?xml version="1.0" encoding="UTF-8"?>
<!DOCTYPE mapper PUBLIC "-//mybatis.org//DTD Mapper 3.4//EN"
        "http://mybatis.org/dtd/mybatis-3-mapper.dtd">

<mapper namespace="com.zch.oa.dao.EmployeeDao">
    <resultMap id="employee" type="Employee">
        <id property="sn" column="sn" javaType="String" />  <!--主键 -->
        <result property="pwd" column="pwd" javaType="String" />
        <result property="name" column="name" javaType="String" />
        <result property="departmentSn" column="department_sn" javaType="String" />
        <result property="departmentSn" column="department_sn" javaType="String" />
        <result property="post" column="post" javaType="String" />

        <association property="department" column="department_sn" javaType="Department">
            <!--只配置自己需要的字段 column不能上外面的重复-->
            <id property="sn" column="dsn" javaType="String"/>
            <result property="sn" column="dsn" javaType="String" />
            <result property="name" column="dname" javaType="String" />
        </association>
    </resultMap>
    
    <insert id="insert" parameterType="Employee">
        insert into employee values(#{sn},#{pwd},#{name},#{departmentSn},#{post})
    </insert>
    
    <update id="update" parameterType="Employee">
        update employee set pwd=#{pwd}, name=#{name}, department_sn=#{departmentSn} where sn=#{sn}
    </update>
    <delete id="delete" parameterType="String">
        delete from employee where sn=#{sn}
    </delete>
     <select id="select" parameterType="String" resultMap="employee">
         select e.*,d.sn as dsn,d.name as dname from employee e  left join department d on d.sn=e.department_sn where e.sn=#{sn}
     </select>

    <select id="selectAll" resultMap="employee">
        select e.*,d.sn as dsn,d.name as dname from employee e left join department d on d.sn=e.department_sn
    </select>

    <select id="selectByDeptAndPost" resultMap="employee">
         select e.*,d.sn as dsn,d.name as dname from employee e left join department d on d.sn=e.department_sn
         where e.sn is not null
         <if test="dsn!=null">
             and e.department_sn=#{dsn}
         </if>
         <if test="post!=null">
             and e.post=#{post}
         </if>
    </select>
</mapper>