<?xml version="1.0" encoding="UTF-8"?>
<beans xmlns="http://www.springframework.org/schema/beans"
       xmlns:xsi="http://www.w3.org/2001/XMLSchema-instance"
       xmlns:aop="http://www.springframework.org/schema/aop"
       xmlns:p="http://www.springframework.org/schema/p"
       xmlns:tx="http://www.springframework.org/schema/tx"
       xmlns:mvc="http://www.springframework.org/schema/mvc"
       xmlns:context="http://www.springframework.org/schema/context"
       xsi:schemaLocation="http://www.springframework.org/schema/beans
	http://www.springframework.org/schema/beans/spring-beans.xsd
	http://www.springframework.org/schema/aop
	http://www.springframework.org/schema/aop/spring-aop.xsd
	http://www.springframework.org/schema/tx
	http://www.springframework.org/schema/tx/spring-tx.xsd
	http://www.springframework.org/schema/context
	http://www.springframework.org/schema/context/spring-context.xsd
	http://www.springframework.org/schema/mvc
	http://www.springframework.org/schema/mvc/spring-mvc.xsd">


    <!--需要引用spring-biz.xml-->
    <import resource="spring-biz.xml"/>
    <!--开启自动扫描-->
    <context:component-scan base-package="com.zch.oa.controller" />

    <!--开启mvc注解驱动-->
    <mvc:annotation-driven/>

    <!--静态资源交个servlet处理,比如图片-->
    <mvc:default-servlet-handler />

    <!--配置视图转换器，不需要调用，因此不需要配置ID,需要配置三个属性-->
    <bean class="org.springframework.web.servlet.view.InternalResourceViewResolver">
        <property name="viewClass" value="org.springframework.web.servlet.view.JstlView" />
        <property name="prefix" value="/WEB-INF/pages" />
        <property name="suffix" value=".jsp" />
    </bean>

    <!--登录拦截,最少配置2个，path,拦截哪些地址，bean,用哪个bean进行拦截处理-->
    <mvc:interceptors>
        <mvc:interceptor>
            <mvc:mapping path="/**"/>  <!--拦截哪些请求-->
            <bean class="com.zch.oa.global.LoginInterceptor" />   <!--拦截的处理方法-->
        </mvc:interceptor>
    </mvc:interceptors>
</beans>